{
    "schemaVersion": 1,
    "id": "server_start_functions",
    "version": "1.0.0",
    "name": "Server Start Functions",
    "description": "Runs gymkey and candyswapper setup functions on server start.",
    "authors": [
        "ChatGPT"
    ],
    "license": "MIT",
    "environment": "*",
    "entrypoints": {
        "main": [
            "net.serverstart.ServerStartFunctions"
        ]
    },
    "depends": {
        "fabricloader": ">=0.14.0",
        "minecraft": "1.20.1",
        "fabric": "*"
    }
}